{"Row":3,"Col":3,"M":[1982.91460008931,0,1904.66137852628,0,1990.2444555982,1107.87503343652,0,0,1]}
