{"Row":14,"Col":1,"M":[3.58446796098669,-1.65795541869135,0.00143267795052644,-4.81716679997429E-05,-0.285710054589736,3.91485520679605,-0.830742536148527,-0.819973037818315,0,0,0,0,0,0]}
